pathway_id,pathway,pval,padj,log2err,ES,NES,size,leadingEdge
R-HSA-6798695,Neutrophil degranulation,2.7814925923178163e-26,1.9470448146224713e-24,1.3267160980048087,0.4866559376614436,2.5285420463492883,433,FOLR3;S100P;MCEMP1;CD177;S100A12;VNN1;S100A8;IDH1;RNASE2;S100A9;HSPA1A;ARG1;FCGR3B;ITGAM;HSPA1B;HK3;CD36;LILRB2;HP;CYSTM1;PYGL;MMP9;PGM2;RAB10;ANXA2;CEACAM1;PADI2;MGAM;MAPK14;CLEC4D;PLD1;MGST1;HSP90AA1;CR1;SLCO4C1;GYG1;SERPINA1;GALNS;PPBP;RETN;CSTB;GCA;CDA;PLAC8;ATP11B;GLA;ALDH3B1;BIN2;MMP25;CAB39;HEBP2;NEU1;CKAP4;FCER1G;CAP1;CD63;GNS;SIGLEC9;HSPA8;PRCP;GMFG;PRDX6;RAB24;SELL;NBEAL2;S100A11;IQGAP1;BST1;CTSC;GSN;C6orf120;RAB18;CYFIP1;LRG1;ARPC5;CFP;RAB31;TIMP2;ACTR2;VCL;ACP3;ALOX5;CTSD;CD44;HSPA6;CHIT1;PLEKHO2;CD55;PDXK;ITGB2;ARSB;CLEC12A;IMPDH1;SDCBP;ITGAV;CD53;MVP;PTPRC;PTPRJ;GPR84;SERPINB1;SLC11A1;RAB7A;QPCT;PRKCD;OSTF1;SIGLEC5;RAB3D;ADGRG3;VAPA;ADGRE5;SIRPA;FCN1;DSP;FGR;OSCAR;CANT1;AGPAT2;DERA;NDUFC2;ASAH1;ALAD;FGL2;CD33;CMTM6;TCIRG1;CD59;DYNLT1;FPR1;MNDA;UNC13D;DYNC1LI1;SIGLEC14;LTA4H;CD58;PGAM1;ITGAX;PNP;CRISPLD2;TSPAN14;NFAM1;APAF1;BST2;SCAMP1;PGLYRP1;SIRPB1;CYBB;SNAP23;SLC2A3;PKM;TLR2;FUCA2;QSOX1;OLFM4;TYROBP;FTH1;GSDMD;ARL8A;CD93;CYBA;STOM;COTL1;ANPEP;CTSZ;KPNB1;MOSPD2;ARHGAP9;RHOA;GUSB;BRI3;RAP2C;DNAJC13;CTSA;SERPINB6;AMPD3;PTPN6;ATP6V1D;DOK3;CTSH;IQGAP2;ERP44;ITGAL;LGALS3;ACAA1;CFD;GDI2;DNASE1L1;CLEC5A;ATP11A;DNAJC5;LAMP2;GLB1;CTSS;CNN2;PSAP;CCT8;IGF2R;ORM2;LAMTOR2;PECAM1;RAB14;FPR2;GLIPR1;PYCARD;TUBB4B;CXCR1;RAB27A;NCSTN;RAP1B;DNAJC3;PA2G4;RAC1;COMMD9;RAB6A;TOM1;TOLLIP;CD300A;HPSE;TMEM30A;ACTR10
mod01,mod01,1.733402178485938e-17,6.066907624700784e-16,1.0768681926198325,-0.845673224595518,-3.0408546446964504,39,SPIB;BACE2;PMEPA1;LINC00494;E2F5;CD79A;TCL1A;TCF4;FCRLA;CD79B;FCRL5;STAP1;LIMS2;CD24;MIR600HG;STRBP;FCRL2;DERL3;BCL7A;BCL11A;VPREB3;POU2AF1;MZB1;CD19;CD22;BANK1;HLA-DOB;TSPAN13;MOB3B;BEND5
R-HSA-76002,"Platelet activation, signaling and aggregation",4.454386616120533e-14,1.039356877094791e-12,0.9653277542260832,0.5116783266471869,2.42614041980234,190,PROS1;FN1;CLEC1B;F5;SELP;LHFPL2;HGF;CD36;MMRN1;SERPING1;GNG5;STXBP2;MAPK14;SERPINA1;PPBP;RAB27B;SYTL4;SOD1;TIMP1;PHACTR2;ITGA2B;CLU;VAV3;GAS6;SCCPDH;FCER1G;CAP1;CD63;ITGB3;APBB1IP;DGKH;EGF;P2RY12;ARRB2;VCL;TBXA2R;P2RY1;GNAQ;GP6;TUBA4A;ABHD6;CDC42;PRKCD;LYN;PLCG2;PLA2G4A;HSPA5;TAGLN2;PIK3CB;ANXA5;SYK;GNA15;CALM2;QSOX1;GNA13;DGKG;VTI1B;STX4;PRKCA;DGKD;GNAI3;RHOA;CYRIB;GP1BA;PTPN6;F2R;ARRB1;F13A1;GNB2;GNB1;MPIG6B;PIK3CA;RAC2;GP9;ACTN1;GNG2;CFD;PIK3CG;VAV1;LAMP2;YWHAZ;PSAP;VWF;ORM2;PECAM1;STXBP3;GNG11;RAP1B;PIK3R5;RAC1;TLN1;PF4;SRGN;GRB2;WDR1;CFL1;CD9;GNB4;PRKCB;RHOG;GNAI2;IGF2;MAPK1;RAF1;PTPN1;PLEK;F8;ABCC4;GNGT2;MAPK3;LCP2
mod16,mod16,2.864804055871637e-11,5.013407097775365e-10,0.8634153916066928,0.6124117445183477,2.5447164480877884,84,MYOF;C1QB;C1QA;HMOX1;CDKN1C;LILRB1;RRAS;TCN2;CSTB;TNNT1;PLOD1;IFITM3;APH1B;CSRP1;CD63;LRPAP1;CALHM2;ABR;S100A11;CTSL;GSN;HTATIP2;SUSD1;PLEKHO2;SLC27A3;CHMP2A;UBE2F;MVP;PAQR4;CEBPB;BATF3;MAPK7;MT2A;FGR;PCYT1A;IRF7;LILRA5;MYD88;NEURL1;TNFRSF8;ASPHD2;VASP
R-HSA-114608,Platelet degranulation,2.5753718464803077e-10,3.6055205850724306e-9,0.8140358378479079,0.5796547308006228,2.4456301162577407,91,PROS1;FN1;F5;SELP;LHFPL2;HGF;CD36;MMRN1;SERPING1;STXBP2;SERPINA1;PPBP;RAB27B;SYTL4;SOD1;TIMP1;PHACTR2;ITGA2B;CLU;GAS6;SCCPDH;CAP1;CD63;ITGB3;EGF;VCL;TUBA4A;HSPA5;TAGLN2;ANXA5;CALM2;QSOX1;VTI1B;CYRIB;F13A1;ACTN1;CFD;LAMP2;PSAP;VWF;ORM2;PECAM1;TLN1;PF4;SRGN;WDR1;CFL1;CD9
R-HSA-3371568,Attenuation phase,1.3711276965361061e-5,1.5996489792921236e-4,0.5933254763964051,0.8113725167719129,2.1810531019485855,13,HSPA1A;HSPA1B;FKBP4;HSP90AA1;HSPA8;HSBP1;PTGES3;DNAJB1
MA-DOL30,MA-DOL30,2.9306983000022903e-5,2.9306983000022905e-4,0.5756102610711286,0.5838917640391534,2.077283170294585,39,S100A8;S100A9;PYGL;PLD1;SERPINA1;PPBP;TIMP1;CLU;NEU1;APBB1IP;GSN;SERPINB1;FGR;FPR1;PKM;QSOX1;PTPN6;LGALS3;VAV1;CXCR1;PA2G4;RAC1;TOLLIP
R-HSA-6785807,Interleukin-4 and Interleukin-13 signaling,1.0919037132319652e-4,9.554157490779695e-4,0.5384340963099162,0.4617479552097559,1.8799395197063204,74,FN1;HMOX1;HGF;ITGAM;CD36;MMP9;JAK2;HSP90AA1;BCL6;TIMP1;RHOU;HSPA8;VIM;MCL1;POMC;ANXA1;ALOX5;ITGB2;IL4R;BATF;SOCS1;ITGAX;CEBPD;IL13RA1;TNF;TYK2;F13A1;IL23A;JAK3;HSP90B1
R-HSA-68877,Mitotic Prometaphase,9.72846784777871e-4,0.007566586103827886,0.47727081536286214,-0.3310612864374792,-1.5675634115198915,179,PCNT;BUB1;BUB1B;NCAPH;CDCA8;MAD1L1;PLK4;CENPK;INCENP;CENPP;TUBG1;KNL1;CEP78;CENPC;KIF18A;NUP160;SEH1L;CETN2;ODF2;CSNK1E;OFD1;RCC2;RANGAP1;HDAC8;SFI1;HAUS8;PPP2R5B;SMC4;SMC2;NUP107;BUB3;ZWINT;TUBB;MZT2A;PLK1;ALMS1;ZWILCH;CENPH;CEP70;SPC24;HAUS2;CENPT;SMC3;SPDL1;MZT2B;CCNB2;NDC80;NUP85;NCAPD2;MIS12;NUMA1;KIF2C;TUBGCP5;CEP135;CDCA5;TUBGCP4
R-HSA-9006931,Signaling by Nuclear Receptors,0.0013216217521083596,0.009251352264758516,0.45505986738722953,0.32143730410411087,1.5215563257051852,189,DHRS9;H2BC5;FKBP5;CPT1A;TGFA;GNG5;MMP9;PDK4;FKBP4;HSP90AA1;SPHK1;H3C6;H2BC21;PPID;GTF2A2;NOS3;H3-3A;EGF;NCOA1;H2AC6;CTSD;KCTD6;AGO4;H2BC12;CDKN1B;PTGES3;CARM1;NCOR2;RDH13;H4C8;TBL1X;CALM2;KDM1B;IGF1R;TLE3;DLD;GTF2A1;POLR2E;GNAI3;RARA;NR1H2;GNB2;GNB1;PDK3;TBL1XR1;PIK3CA;GNG2;POLR2J
R-HSA-977225,Amyloid fiber formation,0.001923452659587421,0.012240153288283586,0.45505986738722953,0.49026673761206124,1.817210969184344,47,H2BC5;SIAH2;APH1B;H3C6;H2BC21;SORL1;GSN;H3-3A;H2AC6;H2BC12;UBC;H4C8;TSPAN14;TGFBI;UBE2L6;PSENEN;USP9X;BACE1;NCSTN;ITM2B;UBB;H3-3B;H2AZ1
R-HSA-195258,RHO GTPase Effectors,0.003726476616359232,0.02173778026209552,0.32635161099090676,0.2959373962157508,1.4425455013652055,234,H2BC5;S100A8;S100A9;MAPK14;SRGAP2;NCF4;H3C6;H2BC21;LIMK1;BTK;DIAPH2;PAK1;IQGAP1;CYFIP1;H3-3A;ARPC5;NCF2;ACTR2;H2AC6;ARPC3;TUBA1A;H2BC12;FMNL2;CDKN1B;TUBA4A;NCF1;CDC42;PRKCD;PPP2R5A;MYL12B;B9D2;MYL12A;ARPC2;ACTR3;MAPRE1;H4C8;YWHAH;DYNC1LI1;CALM2;ACTB;MYL9;CYBB;CLIP1;NDEL1;TUBB2A;LIMK2;KIF5B;CYBA;PRKCA;CTNNB1;WIPF1;RHOA;KLC3;YWHAB;TUBA1C;IQGAP2;WAS;ABI1;RAC2;RHOC;YWHAE;YWHAZ;NCOA2;TUBB1;TUBB4B;SGO2;ARPC1A;YWHAG;RAC1;WASL;RANBP2;GRB2;MYH9;CFL1;MYLK;DYNC1LI2;PPP1CB;PRKCB;RHOQ;NCKAP1L;H3-3B;BRK1;RHOG;PPP1R12A;PPP2CA;NCKAP1;DYNC1I2;MAPK1;H2BC11;PIK3C3;DYNLL1;ROCK2;MAPK3;AHCTF1
R-HSA-1234174,Cellular response to hypoxia,0.004306969459671104,0.02319137401361364,0.3107769199772489,0.420837185247907,1.6860811145528136,68,CITED2;UBE2D1;UBC;EGLN1;PSMD4;PSME3;EGLN3;ELOC;PSMB6;PSMD9;UBE2D3;HIF1A;HIGD1A;PSME4;RBX1;UBB;PSMA4;EPAS1;PSMB3;PSMD7;ELOB;PSMD2;PSMD6;PSMA7;PSMA5;PSMD10;PSMB5;PSMA3;PSMA1;PSMC1;PSMD12;CUL2;HIF1AN;PSMD1;PSMF1
R-HSA-166016,Toll Like Receptor 4 (TLR4) Cascade,0.0048619214313496695,0.024309607156748347,0.291090917251384,0.3419793833106686,1.5317566462022936,131,S100A12;S100A8;S100A9;ITGAM;CD36;MAPK14;MAP2K6;TLR6;UBE2D1;LY96;TLR4;BTK;ALPK1;MEF2A;IRAK3;SKP1;ITGB2;BIRC2;RPS6KA1;RIPK3;MAPK7;PLCG2;SOCS1;CHUK;CD180;IRF7;UBC;MYD88;TLR1;CASP8;AGER;TLR2
R-HSA-388841,Costimulation by the CD28 family,0.005457853244390539,0.025469981807155852,0.27986565266193214,-0.4257653256585814,-1.684266965571736,60,HLA-DRB1;HLA-DRA;HLA-DPB1;HLA-DQA1;CD3D;HLA-DPA1;CD3G;LCK;CD3E;PIK3R3;CD247;THEM4;AKT3;YES1;PPP2R5B;PTPN11;CD28
R-HSA-6802952,Signaling by BRAF and RAF1 fusions,0.007289204097714736,0.03189026792750197,0.23835292164691088,0.42303365479433364,1.6374482607051069,57,FN1;JAK2;LMNA;KSR1;ITGA2B;ITGB3;APBB1IP;IQGAP1;PAPSS1;ARRB2;VCL;CALM2;ACTB;MARK3;YWHAB;ARRB1;AP3B1;VWF;RAP1B;TLN1;ATG7;ZC3HAV1;MAP2K1;MAPK1;RAF1
MA-DOL128,MA-DOL128,0.008866995073891626,0.036511156186612576,0.2157828589665743,0.5184675335952827,1.7164516571777138,28,ITGAM;SERPINA1;APBB1IP;CTSD;SERPINB1;SLC11A1;CDC42;SIRPA;PLA2G4A;ITGAX;QSOX1;CD93;IL13RA1;IL1RAP;PTPN6;YWHAZ;RAC1
R-HSA-5663202,Diseases of signal transduction,0.013553113553113554,0.05270655270655271,0.1676585280657653,0.2534818454368328,1.2993039920935698,371,FN1;HGF;TGFA;JAK2;HSP90AA1;BCL2A1;PIK3AP1;KREMEN1;LMNA;KSR1;HDAC4;ITGA2B;BIN2;APH1B;KL;ERLIN2;ITGB3;APBB1IP;TPM4;IQGAP1;PTEN;PAPSS1;MCL1;IRS2;EGF;ARRB2;VCL;SKP1;AGO4;CDKN1B;CEBPB;PPP2R5A;LYN;DUSP16;STAT5B;CDK8;NCOR2;FGFR1OP2;CHUK;UBC;PIK3CB;NEURL1;TBL1X;CALM2;TGFBR1;ACTB;TCF7L2;CLIP1;FKBP1A;PSMD4;KIF5B;PSME3;TPM3;PRKAR1A;MARK3;CTNNB1;POLR2E;PSENEN;HIP1;YWHAB;TYK2;PTPN6;ARRB1;RRBP1;FLT3;TGFBR2;BAG4;CLTC;TBL1XR1;PIK3CA;RAC2;MAML3;POLR2J;RBPJ;ADAM17;VAV1;PSMB6;PSMD9;AP3B1;STRN;SEL1L;VWF;CBL;TFG;NCSTN;RAP1B;RAC1;TLN1;RANBP2;PSME4;ERBIN;RBX1;GRB2;STAT3;JAG1;MYH9;NOTCH1;ATG7;RB1;PPP1CB;MRAS;UBB;PSMA4;PIK3CD;ZC3HAV1;RHOG;MIB1;PPP2CA;MAP2K1;OS9;MAPK1;RAF1;ETV6;SNW1;GAB2;GTF2F1;MSN;GSK3B;PSMB3;MAPK3;PSMD7;GAB1;PSMD2;PSMD6;PSMA7;WDR48;POLR2F;POLR2C;RAP1A;PSMA5;HBEGF;MDM2;QKI;HDAC7;PSMD10;TRAT1;PSMB5;LRP6;PSMA3;PTPN12;PSMA1;NF1;PSEN1;PSMC1;CSK;ADAM10;CEP43;GTF2F2;CARS1;PSMD12;CTBP2;PSMD1;CUX1
R-HSA-380108,Chemokine receptors bind chemokines,0.016914611779091093,0.062316990765072446,0.15817799958919573,-0.49891417037621366,-1.6346431336056197,27,CXCL8;CCL3;CXCL1;CCR3;CXCR3;CXCR5;CCL28;CCR7;CXCL5
R-HSA-4420097,VEGFA-VEGFR2 Pathway,0.020553359683794466,0.07193675889328063,0.14107289711700427,0.3484848924335716,1.451347054792803,86,MAPK14;HSP90AA1;SPHK1;VAV3;NCF4;ITGB3;PAK1;NOS3;CYFIP1;NCF2;NCF1;ITGAV;CDC42;ELMO2;PRKCD;NCK2;PIK3CB;CALM2;ACTB;CYBB;CYBA;PRKCA;CTNNB1;RHOA;ABI1;PIK3CA;VAV1
R-HSA-8856828,Clathrin-mediated endocytosis,0.022504892367906065,0.07501630789302022,0.13405093433856183,0.32024281072691285,1.4037451666573386,114,TGFA;AGFG1;LDLR;HSPA8;FCHO2;ARPC5;EGF;UBQLN2;ARRB2;ACTR2;SGIP1;ARPC3;PICALM;ARPC2;ACTR3;UBC;REPS2;TOR1A;ACTB;COPS5;STAM2;KIAA0319;SCARB2;HIP1;SNX18;VAMP7;ARRB1;EPS15;CLTC;DNM3;IGF2R;CBL;ARPC1A;WASL;GRB2;STAM;GRK3;UBB;COPS4;SH3KBP1
R-HSA-1632852,Macroautophagy,0.024705655278903685,0.07860890316014808,0.12694980276989196,0.3160376020214806,1.4010088014916784,122,PLIN2;GABARAPL1;HSP90AA1;HSPA8;LAMTOR5;VIM;ATG4A;TUBA1A;CHMP2A;TUBA4A;ATG14;MTMR3;MFN2;RB1CC1;UBC;UBE2L3;CHMP2B;DYNC1LI1;RRAGC;RRAGD;TUBB2A;TUBA1C;ATG3;VDAC3;ATG13;UBE2D3;MAP1LC3B;TUBB1;ATG10;LAMTOR2;TUBB4B;WDR45;CHMP6;PLIN3;ATG7;DYNC1LI2;FUNDC1;UBB;PARK7;EPAS1;DYNC1I2;PIK3C3;LAMTOR3;DYNLL1
R-HSA-5362517,Signaling by Retinoic Acid,0.02876847290640394,0.08537435284747112,0.11872977154195252,0.494605108793966,1.575276324521681,24,DHRS9;CPT1A;PDK4;RDH13;DLD;RARA;PDK3
R-HSA-9614085,FOXO-mediated transcription,0.02927120669056153,0.08537435284747112,0.11831785640414004,0.3963609129835245,1.48225233941512,49,TXN;CITED2;RETN;BCL6;GADD45A;BBC3;POMC;KLF4;CDKN1B;SIRT3;STK11;YWHAB;YWHAZ;YWHAG;NR3C1;DDIT3
R-HSA-2262752,Cellular responses to stress,0.03063063063063063,0.08576576576576576,0.10986947213170659,0.224220235229936,1.2049781784781204,646,H2BC5;CLEC1B;FKBP5;H1-2;IDH1;HMOX1;HSPA1A;TXN;HSPA1B;PHC2;CITED2;FKBP4;MAPK14;PGD;MAP2K6;MAP3K5;HSP90AA1;UBE2D1;HSPH1;LMNA;SOD1;E2F1;LY96;COX6A1;NCF4;H3C6;ATP6V1C1;NUP58;H2BC21;OMA1;TLR4;PDIA6;ASF1A;GRB10;HSPA8;LAMTOR5;PRDX6;CAPZA2;H3-3A;EGF;ABCG2;NCF2;NCOA1;CAPZA1;H2AC6;SKP1;CDKN2C;HSPA6;TALDO1;TUBA1A;CEBPG;AGO4;IGFBP7;H2BC12;ATP6V0E1;CDKN1B;TUBA4A;NCF1;HSBP1;PTGES3;CEBPB;BACH1;GCLM;ATP6V1B2;PRKCD;RPS6KA1;MAPK7;DNAJB11;DNAJB1;CARM1;COX7A2;ATF6;NCOR2;HSPA5;UBC;TKT;CDC16;RPL26L1;TCIRG1;H4C8;KPTN;EGLN1;DCTN2;TERF2IP;DYNC1LI1;TBL1X;ATP6V0D1;DNAJA1;ABCC3;ETS2;LMNB1;HIKESHI;RRAGC;CYBB;ATP6V1A;RRAGD;TUBB2A;PSMD4;NUP50;PSME3;CYBA;CCS;SESN2;TUBA1C;GCLC;TRIM21;ATP6V1D;DCP2;DNAJB6;E2F3;BAG4;TBL1XR1;FZR1;COX7B;CUL3;HSP90B1;EGLN3;PRDX1;PPP1R15A;CAPZB;YWHAE;ELOC;COX5B;PSMB6;FNIP1;PSMD9;HSPA1L;UBE2D3;NCOA2;KEAP1;MAP1LC3B;TUBB1;BLVRA;LAMTOR2;MAFK;G6PD;POT1;TUBB4B;HIF1A;DNAJC3;NR3C1;HIGD1A;TLN1;RANBP2;CDC27;PSME4;TFDP2;RBX1;DDIT3;UBE2E1;ACTR10;STAT3;P4HB;YME1L1;DCTN4;RPS6KA3;NOTCH1;RPA1;RB1;DYNC1LI2;COX8A;NPLOC4;RPL36AL;UBB;PSMA4;MAP2K4;NFE2L2;H3-3B;TFDP1;ATP7A;CALR;NDUFA4;MAP4K4;EPAS1;DYNC1I2;MAPK1;EIF2S2;NUP153;ACADVL;ATP6V1E1;NBN;PRDX3;H2BC11;LAMTOR3;DYNLL1;GSK3B;PSMB3;MAPK3;PSMD7;SERP1;COX7A2L;GPX1;PREB;EXOSC4;ELOB;PSMD2;PSMD6;EIF2AK4;NUP214
R-HSA-9020702,Interleukin-1 signaling,0.034845240412692234,0.09381410880340217,0.10701482812120706,0.3140850601371908,1.368446890513238,109,IL1R2;S100A12;MAP2K6;ALPK1;IRAK3;SKP1;IL1R1;IL1RN;CHUK;UBC;MYD88;CASP8;AGER;PSMD4;PSME3;MAP3K3;IL1RAP;TAB2;IKBIP;PSMB6;PSMD9;NFKBIB;PSME4;TOLLIP;RBX1;PELI1;UBB;PSMA4;MAP2K4;MAP2K1;TIFA;PELI2;MAP3K8;PSMB3;PSMD7;PSMD2;PSMD6;RIPK2;PSMA7;IRAK4;PSMA5;PSMD10;PSMB5;PSMA3;PSMA1;N4BP1;NKIRAS2;PSMC1;PSMD12;PSMD1;PSMF1;SQSTM1
R-HSA-5673001,RAF/MAP kinase cascade,0.040075258701787395,0.10389881885648583,0.09791084204867953,0.27416549240167803,1.299965130806424,190,FN1;KBTBD7;HGF;TGFA;JAK2;KSR1;ITGA2B;KL;ITGB3;APBB1IP;IQGAP1;RASGRP3;RASGRP4;IRS2;EGF;ARRB2;VCL;RAPGEF2;CSF2RA;PPP2R5A;DUSP16;UBC;PIK3CB;CALM2;ACTB;FNTB;PSMD4;PSME3;MARK3;YWHAB;CSF2RB;ARRB1;FLT3;PIK3CA;JAK3;CUL3;IL2RA;DUSP5;PSMB6;PSMD9;VWF;LAMTOR2;RAP1B;TLN1;PSME4;RBX1;GRB2;LYPLA1;PPP1CB;MRAS;UBB;PSMA4;RGL2;PPP2CA;MAP2K1;MAPK1;RAF1;LAMTOR3;PSMB3;MAPK3;PSMD7;RASGEF1A;PSMD2;PSMD6;PSMA7;RAP1A;PSMA5;HBEGF;FNTA;PSMD10;PSMB5;PSMA3;PSMA1;NF1;PSMC1;CSK;DLG4;PSMD12;PSMD1;RANBP9
R-HSA-5663220,RHO GTPases Activate Formins,0.04665438919582566,0.11663597298956414,0.09455545155923946,-0.30018442071391255,-1.337454380563224,117,BUB1;BUB1B;SCAI;CDCA8;MAD1L1;CENPK;INCENP;CENPP;FMNL3;KNL1;CENPC;KIF18A;NUP160;SEH1L;RCC2;RANGAP1;DIAPH3;PPP2R5B;NUP107;DVL2;BUB3;ZWINT;PLK1;ZWILCH;CENPH;SPC24;EVL;CENPT;SPDL1;NDC80;NUP85;MIS12;KIF2C
R-HSA-2559583,Cellular Senescence,0.050955414012738856,0.12299582692730068,0.08769719232856345,0.2906810651244228,1.3093334563598107,134,H2BC5;H1-2;TXN;PHC2;MAPK14;MAP2K6;MAP3K5;UBE2D1;E2F1;H3C6;H2BC21;ASF1A;H3-3A;H2AC6;CDKN2C;AGO4;IGFBP7;H2BC12;CDKN1B;CEBPB;RPS6KA1;MAPK7;UBC;CDC16;H4C8;TERF2IP;ETS2;LMNB1
R-HSA-211945,Phase I - Functionalization of compounds,0.05616411073491336,0.12736902000262618,0.08476860541891988,0.3912005947542734,1.4170754206740133,42,CYP3A5;CYP1B1;CES1;ACSS2;NQO2;EPHX1;POMC;NCOA1;PTGES3;POR;TBXAS1;AOC3;PTGS1;MTARC1
R-HSA-196854,Metabolism of vitamins and cofactors,0.0564062802868773,0.12736902000262618,0.08340652120399722,0.29020830975951517,1.302205601439068,132,VNN1;IDH1;VNN2;TCN2;HSP90AA1;PLB1;ACP5;PDSS1;LDLR;MMADHC;CYB5A;BST1;NOS3;PDZD11;PDXK;MTHFD1;MTHFD2;NADK;PARP9;CALM2;VKORC1L1;LMBRD1;SLC2A3;LRP1;TPK1;COQ2;NAMPT;COQ8B;NMNAT1;MTRR;PARP4
R-HSA-9616222,Transcriptional regulation of granulopoiesis,0.05957362024307631,0.13031729428172942,0.08224735492702659,0.3836120287924,1.405999216175715,45,H2BC5;CEBPA;E2F1;H3C6;H2BC21;CSF3R;H3-3A;H2AC6;H2BC12;CEBPB;H4C8;SPI1;RARA;IL6R;FLI1;TFDP2;STAT3;H3-3B;TFDP1
R-HSA-8856825,Cargo recognition for clathrin-mediated endocytosis,0.07804206801651269,0.16554378064108752,0.071001584690387,0.3183223287720126,1.3073482300881345,79,TGFA;AGFG1;LDLR;FCHO2;EGF;UBQLN2;ARRB2;SGIP1;PICALM;UBC;REPS2;TOR1A;COPS5;STAM2;KIAA0319;SCARB2;VAMP7;ARRB1;EPS15;CLTC;IGF2R;CBL;GRB2;STAM;GRK3;UBB;COPS4;SH3KBP1;VAMP3;COPS2
R-HSA-9006934,Signaling by Receptor Tyrosine Kinases,0.08632431437511504,0.17772652959582505,0.06507299783238983,0.22932519203290547,1.1695284345023784,356,FN1;FAM83A;GALNT3;HGF;TGFA;MMP9;JAK2;COL9A3;PCSK6;MAPK14;HSP90AA1;SPHK1;VAV3;NCF4;APH1B;ATP6V1C1;KL;GRB10;ITGB3;PAK1;MKNK1;RALB;NOS3;IRS2;CYFIP1;MEF2A;EGF;NCF2;CTSD;NEDD4;MEMO1;ATP6V0E1;NCF1;ITGAV;PTPRJ;PDGFC;CDC42;ELMO2;ATP6V1B2;PRKCD;RPS6KA1;LYN;MAPK7;STAT5B;FES;SOCS1;NCK2;UBC;PIK3CB;TCIRG1;CALM2;ACTB;ATP6V0D1;TRIB1;CYBB;STAM2;IGF1R;ATP6V1A;PTPRO;CYBA;RIT1;PRKCA;CTNNB1;POLR2E;RHOA;PSENEN;YWHAB;PTPN6;ATP6V1D;EPS15;FLT3;KIDINS220;CLTC;ABI1;PIK3CA;LAMC1;JAK3;POLR2J;TAB2;ADAM17;VAV1;THBS3;PAG1;DNM3;CBL;VRK3;NCSTN;HIF1A;RAP1B;RAC1;ERBIN;GRB2;STAT3;RPS6KA3;STAM;DUSP3;PRKCB;UBB;NCKAP1L;RAB4A;SH3KBP1;BRK1;SPINT1;PPP2CA;NCKAP1;MAP2K1;IGF2;MAPK1;PTPN1;HNRNPM;ATP6V1E1;GAB2;GTF2F1;TEC;PIK3C3;COL9A2;ROCK2;MAPK3
R-HSA-6806003,Regulation of TP53 Expression and Degradation,0.0916030534351145,0.183206106870229,0.06604004586433615,-0.3898404865512925,-1.3605983824867278,34,SGK1;CCNA2;UBA52;PRDM1;CDK2;AKT3;ATM;PRR5;TP53;PHF20;AKT2;DAXX;MDM4
R-HSA-3108232,SUMO E3 ligases SUMOylate target proteins,0.095525494276795,0.1857440166493236,0.06581329395295889,-0.2659211467150264,-1.2275867473283948,148,HERC2;CDCA8;CBX5;INCENP;CBX2;NUP160;SEH1L;SIN3A;PPARA;SATB1;NUP210;NR4A2;DNMT1;NR2C1;CETN2;RANGAP1;SUMO3;PARP1;NUP107;NFKB2;NUP188;NDC1;RING1;SMC6;TP53BP1;SMC5;TDG;MDC1;SMC3;NUP54;CASP8AP2;AURKA;NUP205;RNF168;NUP62;TRIM28;TP53;NUP85;NUP93;NUP155;VHL;MTA1;SUZ12;TOP2A;BMI1;NSMCE4A;CHD3;NUP37;THRA;DNMT3A;PHC3;PML;WRN;DAXX
R-HSA-2559582,Senescence-Associated Secretory Phenotype (SASP),0.11230889847118777,0.21247629440494983,0.058544441155085856,0.3219337575420549,1.2677046543012578,62,H2BC5;UBE2D1;H3C6;H2BC21;H3-3A;H2AC6;CDKN2C;IGFBP7;H2BC12;CDKN1B;CEBPB;RPS6KA1;MAPK7;UBC;CDC16;H4C8
R-HSA-9018519,Estrogen-dependent gene expression,0.14688715953307394,0.2705816096661888,0.050502278205248566,0.2840791890805044,1.2026905670506416,93,H2BC5;TGFA;FKBP4;HSP90AA1;H3C6;H2BC21;GTF2A2;H3-3A;NCOA1;H2AC6;CTSD;KCTD6;AGO4;H2BC12;PTGES3;CARM1;H4C8
R-HSA-449836,Other interleukin signaling,0.1586016195931266,0.2846695736286888,0.04884136955133312,0.44634540634463293,1.2990850474703393,17,STXBP2;CSF1;STX3;STX1A;CSF3R;STX4;TYK2
R-HSA-71403,Citric acid cycle (TCA cycle),0.17494514262916416,0.3061539996010373,0.04654578232320299,0.3621699176442118,1.2367657011858146,32,SUCLG1;SIRT3;ISCU;SDHB;DLD;ISCA2;SDHA;NNT;ACO2;SDHAF3;SDHC;ACAT1
R-HSA-5365859,RA biosynthesis pathway,0.18440145102781136,0.31483174565723887,0.04547347771557116,0.5463143000179069,1.2770338302069841,8,DHRS9;RDH13
R-HSA-8943724,Regulation of PTEN gene transcription,0.20547112462006079,0.32974638328272904,0.042959493925228937,-0.301065682458726,-1.1678723147237893,55,EGR1;CBX2;EZH2;CHD4;GATAD2A;MTA3;MAF1;RPTOR;MBD3;RING1;KDM1A;JUN;HDAC3;GATAD2B;TP53;MTA1;SUZ12;BMI1;CHD3
R-HSA-199418,Negative regulation of the PI3K/AKT network,0.2058244785517513,0.32974638328272904,0.042221575978430986,0.28843372104504184,1.1601737138215051,70,HGF;TGFA;PIK3AP1;KL;PTEN;IRS2;EGF;PHLPP2;PIP5K1B;PPP2R5A;PIK3CB;MYD88;IER3;IL1RAP;FLT3;PIK3CA;RAC2;PHLPP1;VAV1;STRN;RAC1;GRB2;PIK3CD;RHOG;PPP2CA;MAPK1;GAB2;MAPK3;GAB1;INSR;IRAK4;HBEGF
R-HSA-6811558,"PI5P, PP2A and IER3 Regulate PI3K/AKT Signaling",0.20726915520628683,0.32974638328272904,0.04201988104079432,0.29492294026677823,1.1637038828348956,63,HGF;TGFA;PIK3AP1;KL;IRS2;EGF;PIP5K1B;PPP2R5A;PIK3CB;MYD88;IER3;IL1RAP;FLT3;PIK3CA;RAC2;VAV1;STRN;RAC1;GRB2;PIK3CD;RHOG;PPP2CA;MAPK1;GAB2;MAPK3;GAB1;INSR;IRAK4;HBEGF
R-HSA-199220,Vitamin B5 (pantothenate) metabolism,0.21860189573459715,0.3400473933649289,0.04090124414488829,0.42516820781564724,1.2175112882139674,16,VNN1;VNN2;PDZD11
R-HSA-72163,mRNA Splicing - Major Pathway,0.23809523809523808,0.3582650656491977,0.040839020495323855,-0.2278255614700042,-1.0961532039508786,202,SNRPN;PPIL3;YJU2;U2AF1L4;GCFC2;TCERG1;POLR2D;UPF3B;SRRM1;MAGOHB;SRSF11;CHERP;YBX1;SNRPA1;HNRNPH1;LSM7;RBM25;PRPF4;SNRNP40;PUF60;PRPF31;PRPF8;LSM5;LUC7L3;FUS;PNN;CCAR1;SF3A2;U2SURP;LSM8;PRKRIP1;RNPS1;SNRNP200;MAGOH;SRSF5;PPWD1;PTBP1;ZMAT2;CWF19L2;BCAS2;WBP11;SNRPA;PPIL2;XAB2;SMU1;DDX46;NCBP1;SF3A3;GPATCH1;SNU13;SF3B3;SNRPD2;TXNL4A;PPIH;DHX38;SNRPG;NCBP2;EFTUD2;RBMX;SRSF6;POLR2A;POLR2G;SNRPE;PCBP2;CACTIN;NSRP1;HNRNPD;SNRPB;HNRNPL;LSM3;PLRG1;HTATSF1;PRPF6;SNRPB2;SNRPD1;RBM17;SNIP1;SRSF10;CCDC12;HNRNPA1;USP39;SRRM2;MFAP1;PPP1R8;RBM8A;SNRPC;PPIE;CWC22;RBM10;PRPF19;SNRPD3
R-HSA-109606,Intrinsic Pathway for Apoptosis,0.24736318407960198,0.3582650656491977,0.03830169029097856,0.30845277800672954,1.143303693004652,47,E2F1;CASP7;BBC3;CARD8;YWHAH;BAK1;APAF1;CASP8;GSDMD;YWHAB;YWHAE;YWHAZ;YWHAG;TFDP2;STAT3;TFDP1;MAPK1;BID;DYNLL1;MAPK3
R-HSA-71291,Metabolism of amino acids and derivatives,0.2504280821917808,0.3582650656491977,0.039643181079781306,-0.21738750489455574,-1.0815109600602129,256,RPS4Y1;HDC;SERINC2;SARDH;SLC7A5;PPM1K;UBA52;MTR;OAZ1;RPS28;MRI1;MCCC1;IVD;AGMAT;FAH;SLC6A8;ASRGL1;MCCC2;RPL23A;SHMT1;RPL13;RPS23;ACADSB;SDSL;RPL18;RPS2;RPL37A;RPL10;HGD;RPS16;RPS10;RPL6;RPL28;RPS20;RPL4;RPS15;RPL14;NMRAL1;RPL18A;GAMT;SMOX;PYCR3;SLC25A15;GOT2;RPL9;RPL10A;RPS26;RPS6;RPS14;RPL13A;RPL34;RPL29;KYNU;RPSA;RPL7A;AIMP1;GLS;RPS13;CARNS1;RPL3;RPL12;RPL7;RIMKLB;RPL19;RPL35;RPS19;RPS25;AHCY;RPS29;RPS11;SLC36A4;ENOPH1;RPL37;QARS1;RPL36A;RPL22;RPS5;PSMB7;RPL15
R-HSA-1483206,Glycerophospholipid biosynthesis,0.25078554595443836,0.3582650656491977,0.037714737389993834,0.26719570642093426,1.1205938835220197,89,LPCAT2;PLD1;PLB1;PLBD1;GPAT3;STARD10;LPGAT1;PGS1;ABHD4;PCYT1A;PLA2G4A;AGPAT2;PISD;HADHB;MBOAT1;GPCPD1;PLA2G4C;ABHD3;LCLAT1;AGPAT4
R-HSA-1650814,Collagen biosynthesis and modifying enzymes,0.2748711850971066,0.38481965913594923,0.03595888093431051,0.37899592576966257,1.1472470758615099,20,PLOD2;COL9A3;PLOD1;COLGALT1
R-HSA-913531,Interferon Signaling,0.3311432325886991,0.45451031923939095,0.031178877509850666,0.21692376807011063,1.0468791654124932,221,FCGR1A;HSPA1A;HSPA1B;JAK2;MAP2K6;HLA-DQA2;TRIM25;SPHK1;IFITM1;IFITM3;RNASEL;NUP58;IFI35;HSPA8;IFI27;IFITM2;IFNGR1;NEDD4;CD44;TUBA1A;IFNGR2;TUBA4A;SAMHD1;PRKCD;PPP2R5A;MT2A;DUS2;SOCS1;CHUK;IRF7;UBC;HLA-DQB2;EIF4E3;IFI30;BST2;GBP2;EIF4G3;TUBB2A;UBE2L6;NUP50;OAS1;KPNB1;TYK2;TUBA1C;PTPN6;TRIM21;SP100;IFNAR2;IRF1;HSPA1L;IFNAR1;TUBB1;TUBB4B;DNAJC3;IRF2;RANBP2;FAAP20;UBE2E1;KPNA1;STAT3;PIAS1;PTAFR;TRIM3;EIF4E2;UBB;TRIM22;KPNA4;PPP2CA;MAPK1;EIF2S2;RAF1;PTPN1;NUP153;EIF4G2
R-HSA-2173796,SMAD2/SMAD3:SMAD4 heterotrimer regulates transcription,0.3483598309519018,0.4689459262814063,0.031537744289367904,-0.30836918410883946,-1.066848746186539,33,E2F5;UBA52;RBL1;YBX1;CDK9;TGIF2;CCNT1;SMAD3
R-HSA-1169408,ISG15 antiviral mechanism,0.37926804334491926,0.49849131529165297,0.030235869309148223,-0.2534487436930858,-1.0348208418520095,71,HERC5;MX1;IFIT1;UBA52;NUP160;SEH1L;NUP210;PLCG1;NUP107;NUP188;NDC1;UBA7;NUP54;NUP205;NUP62;NUP85;ISG15;NUP93;NUP155
R-HSA-2467813,Separation of Sister Chromatids,0.38455044322498944,0.49849131529165297,0.03057026416197834,-0.21921621420385093,-1.0273634209138953,167,BUB1;BUB1B;CDCA8;MAD1L1;CENPK;INCENP;CENPP;UBA52;KNL1;CENPC;KIF18A;NUP160;SEH1L;RCC2;RANGAP1;HDAC8;PPP2R5B;NUP107;BUB3;ZWINT;PLK1;ZWILCH;CENPH;ANAPC1;SPC24;CENPT;SMC3;CDC23;SPDL1;ANAPC2;NDC80;NUP85;MIS12;KIF2C
R-HSA-2151201,Transcriptional activation of mitochondrial biogenesis,0.39466235341690253,0.5022975407124214,0.029298835668140944,-0.26870399225502856,-1.0274605032206463,51,MEF2C;CAMK4;PPARA;POLG2;SSBP1;IDH2;CRTC1;MEF2D;CHD9;PPRC1;PPARGC1B;HDAC3;NRF1;TGS1;HCFC1;CRTC3
R-HSA-1483166,Synthesis of PA,0.4203155818540434,0.5253944773175543,0.027727471895081447,0.31698470415243035,1.0168999697965888,25,PLD1;GPAT3;PLA2G4A;AGPAT2;LCLAT1;AGPAT4
R-HSA-4090294,SUMOylation of intracellular receptors,0.4508568051999212,0.5536837958595524,0.026483277395066104,0.3265360068369445,1.0009449925626528,21,PPARG;HDAC4;VDR;PIAS3;RARA;NR1H2;NR3C1;PIAS1
R-HSA-168638,NOD1/2 Signaling Pathway,0.46043737574552684,0.5557002810721876,0.026282291075229322,0.28558730484340245,0.991911467033384,35,MAPK14;MAP2K6;CASP4;BIRC2;CHUK;UBC;CASP8;TAB2;CASP1
R-HSA-909733,Interferon alpha/beta signaling,0.4720031545741325,0.5600037427150725,0.025718975810978807,0.25088994500147543,0.9837769075283676,61,IFITM1;IFITM3;RNASEL;IFI35;IFI27;IFITM2;SAMHD1;SOCS1;IRF7;UBC;BST2;GBP2;OAS1;KPNB1;TYK2;PTPN6;IFNAR2;IRF1;IFNAR1;IRF2;KPNA1
R-HSA-204174,Regulation of pyruvate dehydrogenase (PDH) complex,0.5117352056168506,0.5970244065529924,0.02465637068534985,-0.35275914123934715,-0.9547324769792475,13,PDPR;PDP2;PDHA1;PDK2
R-HSA-2173795,Downregulation of SMAD2/3:SMAD4 transcriptional activity,0.5714285714285714,0.6557377049180327,0.02257677364115129,0.27842638212284593,0.9217653836157245,28,UBE2D1;TGIF1;NCOR2;NEDD4L;UBC;USP9X;UBE2D3;UBB;MAPK1;SNW1;MAPK3;SKIL
R-HSA-975634,Retinoid metabolism and transport,0.5878014749850509,0.6636468265960253,0.022311011740665875,0.33282752420810624,0.8946747506016669,13,PLB1;LDLR;LRP1
R-HSA-9013508,NOTCH3 Intracellular Domain Regulates Transcription,0.6447472353870458,0.7163858170967176,0.020723179186138828,0.3026507565337811,0.8666704275926217,16,PBX1;PLXND1;MAML3;RBPJ;NOTCH1;PTCRA;SNW1
R-HSA-3371453,Regulation of HSF1-mediated heat shock response,0.7390453834115805,0.8083308881064162,0.01851660422032741,0.21564080997186574,0.8566735593915838,65,HSPA1A;HSPA1B;HSPH1;NUP58;HSPA8;HSPA6;DNAJB1;HSPA5;HIKESHI;NUP50;DNAJB6;BAG4;YWHAE;HSPA1L;RANBP2;RPA1;MAPK1;NUP153;GSK3B;MAPK3;NUP214
R-HSA-186763,Downstream signal transduction,0.7522682445759369,0.8101350326202397,0.018375614133831947,0.2553950230927635,0.8027295554994348,23,STAT5B;NCK2;PIK3CB;PIK3CA;GRB2;STAT3
R-HSA-389661,Glyoxylate metabolism and glycine degradation,0.9308276689324271,0.9872414670495439,0.015458037970262545,0.27898135874289026,0.5959889184006073,6,DLD
R-HSA-5621575,CD209 (DC-SIGN) signaling,0.9530785982973669,0.9896376395609029,0.014975844309588768,0.20394119142219735,0.6028817107588784,18,PAK1;LYN
R-HSA-8854214,TBC/RABGAPs,0.9613622784305915,0.9896376395609029,0.014936909079245718,0.17911296576334423,0.6488144054757691,42,TBC1D2;RAB7A;TBC1D14;RAB6B;MAP1LC3B;RAB8B;RAB33B;RAB6A;RAB11A;RAB4A;TBC1D24;GABARAP;TSC1;RAB5A;OPTN;TBC1D10B;RAB5C;TBC1D15;RAB8A;SYTL1
R-HSA-1257604,PIP3 activates AKT signaling,0.98556159759985,0.9947379499052831,0.013708021245506624,0.15441071565136666,0.74329855361794706,215,HGF;TGFA;PHC2;PIK3AP1;PPARG;RNF146;TRIM27;KL;LAMTOR5;PTEN;IRS2;EGF;PHLPP2;NEDD4;PIP5K1B;AGO4;CDKN1B;PPP2R5A;CHUK;UBC;PIK3CB;MYD88;RRAGC;RRAGD;PSMD4;PSME3;IER3;IL1RAP;FLT3;PIK3CA;RAC2;PHLPP1;VAV1;PSMB6;PSMD9;STRN;LAMTOR2;RAC1;PSME4;GRB2;USP7;UBB;PSMA4;PIK3CD;RHOG;PPP2CA;MAPK1;GAB2;LAMTOR3;GSK3B;PSMB3;MAPK3;PSMD7;GAB1;PSMD2;PSMD6;INSR;PSMA7;RCOR1;IRAK4;PSMA5;HBEGF;MDM2;HDAC7;PSMD10;TRAT1;PSMB5;PSMA3
R-HSA-8878171,Transcriptional regulation by RUNX1,0.9947379499052831,0.9947379499052831,0.015242318374366329,-0.1478535695325615,-0.6954378954919337,170,PAX5;NFATC2;GATA2;THBS1;CBX2;UBA52;GATA3;SIN3A;SMARCD1;SMARCB1;TNRC6C;PRMT1;MOV10;KMT2A;MYB;CCND2;PTPN11;BLK;PRKCQ;AUTS2;AGO3;RING1
